residue,n_ligands,ligands
MET128,13,"cpd_1, cpd_10, cpd_11, cpd_12, cpd_13, cpd_2, cpd_3, cpd_4, cpd_5, cpd_6, cpd_7, cpd_8, cpd_9"
TYR61,12,"cpd_1, cpd_10, cpd_11, cpd_12, cpd_13, cpd_2, cpd_3, cpd_5, cpd_6, cpd_7, cpd_8, cpd_9"
LEU123,12,"cpd_1, cpd_10, cpd_11, cpd_12, cpd_13, cpd_2, cpd_3, cpd_5, cpd_6, cpd_7, cpd_8, cpd_9"
LEU57,11,"cpd_1, cpd_10, cpd_11, cpd_12, cpd_13, cpd_3, cpd_5, cpd_6, cpd_7, cpd_8, cpd_9"
TYR130,11,"cpd_1, cpd_10, cpd_11, cpd_12, cpd_13, cpd_2, cpd_3, cpd_4, cpd_7, cpd_8, cpd_9"
TYR132,11,"cpd_1, cpd_10, cpd_11, cpd_12, cpd_13, cpd_3, cpd_5, cpd_6, cpd_7, cpd_8, cpd_9"
TRP127,11,"cpd_1, cpd_10, cpd_11, cpd_12, cpd_13, cpd_2, cpd_5, cpd_6, cpd_7, cpd_8, cpd_9"
PHE31,10,"cpd_1, cpd_10, cpd_11, cpd_12, cpd_13, cpd_3, cpd_5, cpd_6, cpd_7, cpd_9"
TYR62,10,"cpd_1, cpd_11, cpd_12, cpd_13, cpd_3, cpd_5, cpd_6, cpd_7, cpd_8, cpd_9"
PRO54,9,"cpd_1, cpd_11, cpd_12, cpd_13, cpd_3, cpd_5, cpd_6, cpd_7, cpd_9"
LYS129,8,"cpd_1, cpd_11, cpd_12, cpd_13, cpd_2, cpd_4, cpd_5, cpd_7"
GLN32,7,"cpd_1, cpd_11, cpd_12, cpd_13, cpd_3, cpd_7, cpd_9"
GLY131,6,"cpd_1, cpd_11, cpd_12, cpd_13, cpd_2, cpd_9"
LEU33,5,"cpd_1, cpd_12, cpd_13, cpd_7, cpd_9"
SER125,4,"cpd_10, cpd_2, cpd_4, cpd_8"
LEU53,4,"cpd_12, cpd_13, cpd_7, cpd_9"
GLN27,3,"cpd_10, cpd_6, cpd_7"
GLU28,3,"cpd_13, cpd_2, cpd_3"
LYS124,3,"cpd_2, cpd_4, cpd_8"
